group,proportion
het_black_female,0.30086580087
het_black_male,0.16949152542
het_hisp_female,0.34474327628000007
het_hisp_male,0.17528089888
het_white_female,0.34474327628000007
het_white_male,0.17528089888
idu_black_female,0.32850241546
idu_black_male,0.25939393939
idu_hisp_female,0.32850241546
idu_hisp_male,0.2602739726
idu_white_female,0.32850241546
idu_white_male,0.2602739726
msm_black_male,0.18824136152999998
msm_hisp_male,0.20648648649
msm_white_male,0.26996466431
