intercept,time_out_of_naaccord,sqrtcd4n_exit
-1.49610120703735,-0.037189386327627645,0.024600281397864826
