group,1,2,3,4
het_black_female,3.31662479,13.601470509,18.384776311,26.870057685
het_black_male,2.828427125,11.090536506,17.291616466,25.475478406
het_hisp_female,4.472135955,14.456832295,18.947295321,27.513632984
het_hisp_male,3.16227766,10.535653753,16.583123952,25.219040426
het_white_female,4.472135955,14.456832295,18.947295321,27.513632984
het_white_male,3.16227766,10.535653753,16.583123952,25.219040426
idu_black_female,3.0,13.564659965999999,17.972200756,26.400757565
idu_black_male,3.464101615,13.152946437999999,17.972200756,26.305892875999998
idu_hisp_female,4.69041576,14.422205102000001,18.894443628,27.349588662
idu_hisp_male,4.582575695,13.638181697,18.384776311,25.61249695
idu_white_female,4.69041576,14.422205102000001,18.894443628,27.349588662
idu_white_male,4.472135955,14.247806849000002,18.973665961,26.795522014
msm_black_male,3.31662479,13.711309200999999,19.052558883,26.851443164000003
msm_hisp_male,4.472135955,13.820274960999999,18.734993995,26.381811916999997
msm_white_male,5.099019514,14.832396974000002,19.62141687,27.748873851
