years,probability
1,0.42414272746509485
2,0.3235241087836845
3,0.1645167097246229
4,0.06274435284059297
5,0.019143849010715325
6,0.0048674626792862535
7,0.0010607894960032048
